{"cameraMode":{"drawMode":0,"name":"Shaded","section":"Shading Mode"},"sceneLighting":true,"audioPlay":false,"sceneViewState":{"showFog":true,"showMaterialUpdate":false,"showSkybox":true,"showFlares":true,"showImageEffects":true,"showParticleSystems":true},"in2DMode":false,"pivot":{"x":6.328002452850342,"y":20.826087951660158,"z":-24.856473922729493},"rotation":{"x":-0.29004967212677,"y":0.13464421033859254,"z":-0.04134953022003174,"w":-0.9467045068740845},"size":0.3525307774543762,"orthographic":false}