{"cameraMode":{"drawMode":0,"name":"Shaded","section":"Shading Mode"},"sceneLighting":false,"audioPlay":false,"sceneViewState":{"showFog":true,"showMaterialUpdate":false,"showSkybox":false,"showFlares":true,"showImageEffects":true,"showParticleSystems":true},"in2DMode":false,"pivot":{"x":2.9378724098205568,"y":-0.10216427594423294,"z":-1.0584274530410767},"rotation":{"x":0.004941361024975777,"y":0.9159408807754517,"z":-0.40116000175476076,"w":0.011264273896813393},"size":2.220729351043701,"orthographic":false}