{"cameraMode":{"drawMode":0,"name":"Shaded","section":"Shading Mode"},"sceneLighting":false,"audioPlay":false,"sceneViewState":{"showFog":true,"showMaterialUpdate":false,"showSkybox":false,"showFlares":true,"showImageEffects":true,"showParticleSystems":true},"in2DMode":false,"pivot":{"x":0.4419183135032654,"y":1.0482780933380128,"z":-0.4076419472694397},"rotation":{"x":0.0051650903187692169,"y":0.9936224818229675,"z":-0.1005074679851532,"w":0.05101801082491875},"size":2.36602520942688,"orthographic":false}