{"cameraMode":{"drawMode":0,"name":"Shaded","section":"Shading Mode"},"sceneLighting":false,"audioPlay":false,"sceneViewState":{"showFog":true,"showMaterialUpdate":false,"showSkybox":false,"showFlares":true,"showImageEffects":true,"showParticleSystems":true},"in2DMode":false,"pivot":{"x":2.802999973297119,"y":0.9661141633987427,"z":0.0},"rotation":{"x":-0.2613869309425354,"y":-0.05672730505466461,"z":0.015361796133220196,"w":-0.9635033011436462},"size":1.2525306940078736,"orthographic":false}