{"cameraMode":{"drawMode":0,"name":"Shaded","section":"Shading Mode"},"sceneLighting":false,"audioPlay":false,"sceneViewState":{"showFog":true,"showMaterialUpdate":false,"showSkybox":false,"showFlares":true,"showImageEffects":true,"showParticleSystems":true},"in2DMode":false,"pivot":{"x":0.0030001401901245119,"y":0.9661141633987427,"z":0.0},"rotation":{"x":0.0051650903187692169,"y":0.9936224818229675,"z":-0.1005074679851532,"w":0.05101801082491875},"size":1.2525306940078736,"orthographic":false}