{"cameraMode":{"drawMode":0,"name":"Shaded","section":"Shading Mode"},"sceneLighting":false,"audioPlay":false,"sceneViewState":{"showFog":true,"showMaterialUpdate":false,"showSkybox":false,"showFlares":true,"showImageEffects":true,"showParticleSystems":true},"in2DMode":false,"pivot":{"x":0.03330301493406296,"y":0.3991958498954773,"z":-0.2714458107948303},"rotation":{"x":0.03396905958652496,"y":0.9462166428565979,"z":-0.30394408106803896,"w":0.1057514026761055},"size":2.1525306701660158,"orthographic":false}