{"cameraMode":{"drawMode":0,"name":"Shaded","section":"Shading Mode"},"sceneLighting":true,"audioPlay":false,"sceneViewState":{"showFog":true,"showMaterialUpdate":false,"showSkybox":true,"showFlares":true,"showImageEffects":true,"showParticleSystems":true},"in2DMode":false,"pivot":{"x":-9.199202537536621,"y":5.6884284019470219,"z":-5.597764492034912},"rotation":{"x":-0.20351065695285798,"y":-0.3106992840766907,"z":0.06823822110891342,"w":-0.9260503649711609},"size":5.032051086425781,"orthographic":false}