{"cameraMode":{"drawMode":0,"name":"Shaded","section":"Shading Mode"},"sceneLighting":true,"audioPlay":false,"sceneViewState":{"showFog":true,"showMaterialUpdate":false,"showSkybox":true,"showFlares":true,"showImageEffects":true,"showParticleSystems":true},"in2DMode":false,"pivot":{"x":-11.641375541687012,"y":2.016493320465088,"z":-4.600956439971924},"rotation":{"x":-0.17885595560073853,"y":-0.1902448832988739,"z":0.03526751324534416,"w":-0.9647417068481445},"size":1.7320507764816285,"orthographic":false}