{"cameraMode":{"drawMode":0,"name":"Shaded","section":"Shading Mode"},"sceneLighting":false,"audioPlay":false,"sceneViewState":{"showFog":true,"showMaterialUpdate":false,"showSkybox":false,"showFlares":true,"showImageEffects":true,"showParticleSystems":true},"in2DMode":false,"pivot":{"x":2.912329912185669,"y":0.17234301567077638,"z":0.2228463888168335},"rotation":{"x":-0.0020136134698987009,"y":0.9352520108222961,"z":-0.35396552085876467,"w":-0.00533181382343173},"size":0.8660253882408142,"orthographic":false}